<?xml version="1.0" encoding="UTF-8"?>
<project-private xmlns="http://www.netbeans.org/ns/project-private/1">
    <editor-bookmarks xmlns="http://www.netbeans.org/ns/editor-bookmarks/2" lastBookmarkId="0"/>
    <open-files xmlns="http://www.netbeans.org/ns/projectui-open-files/2">
        <group>
            <file>file:/Users/1gprog11/Desktop/Otune/aplicacion/src/Modelos/TrabajadorBD.java</file>
            <file>file:/Users/1gprog11/Desktop/Otune/aplicacion/src/Vistas/Principal.java</file>
            <file>file:/Users/1gprog11/Desktop/Otune/aplicacion/src/Vistas/Perfil.java</file>
            <file>file:/Users/1gprog11/Desktop/Otune/aplicacion/src/Controlador/Control.java</file>
            <file>file:/Users/1gprog11/Desktop/Otune/aplicacion/src/Modelos/CentroBD.java</file>
        </group>
    </open-files>
</project-private>
