<?xml version="1.0" encoding="UTF-8"?>
<project-private xmlns="http://www.netbeans.org/ns/project-private/1">
    <editor-bookmarks xmlns="http://www.netbeans.org/ns/editor-bookmarks/2" lastBookmarkId="0"/>
    <open-files xmlns="http://www.netbeans.org/ns/projectui-open-files/2">
        <group>
            <file>file:/Users/1gprog04/Documents/Netbeans%20Projects/ProyectoFase2/src/Modelo/TrabajadorBD.java</file>
            <file>file:/Users/1gprog04/Documents/Netbeans%20Projects/ProyectoFase2/src/Vista/VentanaCentro.java</file>
            <file>file:/Users/1gprog04/Documents/Netbeans%20Projects/ProyectoFase2/src/Vista/VentanaPerfil.java</file>
            <file>file:/Users/1gprog04/Documents/Netbeans%20Projects/ProyectoFase2/src/Vista/DialogCentro.java</file>
        </group>
    </open-files>
</project-private>
